{
    "loss": 0.2252693772315979,
    "accuracy": 0.9568965435028076
}