{
    "loss": 0.19114716351032257,
    "accuracy": 0.931034505367279
}